{"cameraMode":{"drawMode":0,"name":"Shaded","section":"Shading Mode"},"sceneLighting":false,"audioPlay":false,"sceneViewState":{"showFog":true,"showMaterialUpdate":false,"showSkybox":false,"showFlares":true,"showImageEffects":true,"showParticleSystems":true},"in2DMode":false,"pivot":{"x":-0.3146398067474365,"y":-0.5133458375930786,"z":0.0},"rotation":{"x":-0.044983673840761188,"y":0.007492342963814735,"z":0.0003373977087903768,"w":0.9989598989486694},"size":1.1917847394943238,"orthographic":false}