{"cameraMode":{"drawMode":0,"name":"Shaded","section":"Shading Mode"},"sceneLighting":false,"audioPlay":false,"sceneViewState":{"showFog":true,"showMaterialUpdate":false,"showSkybox":false,"showFlares":true,"showImageEffects":true,"showParticleSystems":true},"in2DMode":false,"pivot":{"x":-0.25463980436325076,"y":-0.5133458375930786,"z":0.00599999725818634},"rotation":{"x":0.13693012297153474,"y":0.09494239836931229,"z":-0.013184837996959687,"w":0.9859371781349182},"size":1.191784381866455,"orthographic":true}